delta,r0
0.5,4.5
0.5,4.65
0.5,4.800000000000001
0.5,4.950000000000001
0.65,4.5
0.65,4.65
0.65,4.800000000000001
0.65,4.950000000000001
0.8,4.5
0.8,4.65
0.8,4.800000000000001
0.8,4.950000000000001
0.9500000000000001,4.5
0.9500000000000001,4.65
0.9500000000000001,4.800000000000001
0.9500000000000001,4.950000000000001
